,row_indexes,col_indexes
0,37,321
1,37,322
2,37,323
3,37,324
4,37,325
5,37,326
6,37,327
7,37,328
8,37,329
9,37,330
10,37,331
11,37,332
12,37,333
13,37,334
14,37,335
15,37,336
16,37,337
17,37,338
18,37,339
19,37,340
20,37,341
21,37,342
22,37,343
23,37,344
24,37,345
25,37,346
26,37,347
27,37,348
28,37,349
29,37,350
30,37,351
31,37,352
32,37,353
33,37,354
34,37,355
35,37,356
36,37,357
37,37,358
38,37,359
39,37,360
40,37,361
41,37,362
42,37,363
43,37,364
44,37,365
45,37,366
46,37,367
47,38,297
48,38,298
49,38,299
50,38,300
51,38,301
52,38,302
53,38,303
54,38,304
55,38,305
56,38,306
57,38,307
58,38,308
59,38,309
60,38,310
61,38,311
62,38,312
63,38,313
64,38,314
65,38,315
66,38,316
67,38,317
68,38,318
69,38,319
70,38,320
71,38,368
72,38,369
73,39,283
74,39,284
75,39,286
76,39,287
77,39,288
78,39,289
79,39,290
80,39,291
81,39,292
82,39,293
83,39,294
84,39,295
85,39,296
86,39,369
87,40,236
88,40,237
89,40,238
90,40,239
91,40,240
92,40,241
93,40,242
94,40,243
95,40,244
96,40,245
97,40,246
98,40,247
99,40,248
100,40,249
101,40,261
102,40,267
103,40,268
104,40,269
105,40,270
106,40,271
107,40,272
108,40,273
109,40,274
110,40,275
111,40,276
112,40,277
113,40,278
114,40,279
115,40,280
116,40,281
117,40,282
118,40,285
119,40,369
120,41,217
121,41,218
122,41,219
123,41,220
124,41,221
125,41,222
126,41,223
127,41,224
128,41,225
129,41,226
130,41,227
131,41,228
132,41,229
133,41,230
134,41,231
135,41,232
136,41,233
137,41,234
138,41,235
139,41,249
140,41,250
141,41,251
142,41,252
143,41,253
144,41,254
145,41,255
146,41,256
147,41,257
148,41,258
149,41,259
150,41,260
151,41,262
152,41,263
153,41,264
154,41,265
155,41,266
156,41,370
157,42,187
158,42,188
159,42,189
160,42,190
161,42,191
162,42,192
163,42,193
164,42,194
165,42,195
166,42,196
167,42,197
168,42,198
169,42,199
170,42,200
171,42,201
172,42,202
173,42,203
174,42,204
175,42,205
176,42,206
177,42,207
178,42,208
179,42,209
180,42,210
181,42,211
182,42,212
183,42,213
184,42,214
185,42,215
186,42,216
187,42,370
188,43,162
189,43,163
190,43,164
191,43,165
192,43,166
193,43,167
194,43,168
195,43,169
196,43,170
197,43,171
198,43,172
199,43,173
200,43,174
201,43,175
202,43,176
203,43,177
204,43,178
205,43,179
206,43,180
207,43,181
208,43,182
209,43,183
210,43,184
211,43,185
212,43,186
213,43,370
214,44,138
215,44,139
216,44,140
217,44,141
218,44,142
219,44,143
220,44,144
221,44,145
222,44,146
223,44,147
224,44,148
225,44,149
226,44,150
227,44,151
228,44,152
229,44,153
230,44,154
231,44,155
232,44,156
233,44,157
234,44,158
235,44,159
236,44,160
237,44,161
238,44,370
239,45,71
240,45,72
241,45,118
242,45,119
243,45,120
244,45,121
245,45,122
246,45,123
247,45,124
248,45,125
249,45,126
250,45,127
251,45,128
252,45,129
253,45,130
254,45,131
255,45,132
256,45,133
257,45,134
258,45,135
259,45,136
260,45,137
261,45,370
262,46,70
263,46,72
264,46,79
265,46,80
266,46,81
267,46,82
268,46,83
269,46,84
270,46,85
271,46,86
272,46,87
273,46,88
274,46,89
275,46,90
276,46,91
277,46,92
278,46,93
279,46,94
280,46,95
281,46,96
282,46,97
283,46,98
284,46,99
285,46,100
286,46,101
287,46,102
288,46,103
289,46,104
290,46,105
291,46,106
292,46,107
293,46,108
294,46,109
295,46,110
296,46,111
297,46,112
298,46,113
299,46,114
300,46,115
301,46,116
302,46,117
303,46,370
304,47,46
305,47,47
306,47,48
307,47,63
308,47,64
309,47,65
310,47,66
311,47,67
312,47,68
313,47,69
314,47,70
315,47,71
316,47,72
317,47,73
318,47,74
319,47,75
320,47,76
321,47,77
322,47,78
323,47,370
324,48,27
325,48,28
326,48,29
327,48,30
328,48,31
329,48,32
330,48,33
331,48,34
332,48,35
333,48,36
334,48,37
335,48,38
336,48,39
337,48,40
338,48,41
339,48,42
340,48,43
341,48,44
342,48,45
343,48,49
344,48,50
345,48,51
346,48,52
347,48,53
348,48,54
349,48,55
350,48,56
351,48,57
352,48,58
353,48,59
354,48,60
355,48,61
356,48,62
357,48,104
358,48,105
359,48,106
360,48,107
361,48,108
362,48,370
363,49,23
364,49,24
365,49,25
366,49,26
367,49,370
368,50,22
369,50,23
370,50,370
371,51,22
372,51,370
373,52,22
374,52,370
375,53,22
376,53,370
377,54,22
378,54,370
379,55,22
380,55,370
381,56,22
382,56,370
383,57,22
384,57,370
385,58,22
386,58,371
387,59,23
388,59,371
389,60,23
390,60,371
391,61,23
392,61,371
393,62,23
394,62,371
395,63,23
396,63,371
397,64,23
398,64,371
399,65,23
400,65,371
401,66,23
402,66,371
403,67,23
404,67,371
405,68,23
406,68,371
407,69,23
408,69,372
409,70,23
410,70,372
411,71,23
412,71,372
413,72,23
414,72,372
415,73,23
416,73,372
417,74,23
418,74,372
419,75,23
420,75,372
421,76,23
422,76,372
423,77,23
424,77,372
425,78,23
426,78,372
427,79,23
428,79,372
429,80,23
430,80,372
431,81,23
432,81,372
433,82,23
434,82,373
435,83,23
436,83,373
437,84,23
438,84,373
439,85,23
440,85,373
441,86,23
442,86,373
443,87,23
444,87,373
445,88,24
446,88,373
447,89,24
448,89,373
449,90,24
450,90,373
451,91,24
452,91,373
453,92,24
454,92,373
455,93,24
456,93,373
457,94,24
458,94,374
459,95,24
460,95,374
461,96,24
462,96,374
463,97,24
464,97,374
465,98,24
466,98,374
467,99,24
468,99,374
469,100,24
470,100,374
471,101,24
472,101,374
473,102,24
474,102,374
475,103,24
476,103,374
477,104,24
478,104,374
479,105,24
480,105,374
481,106,24
482,106,375
483,107,24
484,107,375
485,108,24
486,108,375
487,109,24
488,109,375
489,110,24
490,110,375
491,111,24
492,111,375
493,112,24
494,112,375
495,113,24
496,113,375
497,114,24
498,114,375
499,115,24
500,115,375
501,116,24
502,116,375
503,117,24
504,117,375
505,118,24
506,118,376
507,119,25
508,119,376
509,120,25
510,120,376
511,121,25
512,121,376
513,122,25
514,122,376
515,123,25
516,123,376
517,124,25
518,124,376
519,125,25
520,125,376
521,126,25
522,126,376
523,127,25
524,127,376
525,128,25
526,128,376
527,129,25
528,129,376
529,130,25
530,130,377
531,131,25
532,131,377
533,132,25
534,132,377
535,133,25
536,133,377
537,134,25
538,134,377
539,135,25
540,135,377
541,136,25
542,136,377
543,137,25
544,137,377
545,138,25
546,138,377
547,139,25
548,139,377
549,140,25
550,140,378
551,141,25
552,141,378
553,142,25
554,142,378
555,143,25
556,143,378
557,144,25
558,144,378
559,145,25
560,145,378
561,146,25
562,146,378
563,147,25
564,147,378
565,148,25
566,148,378
567,149,25
568,149,378
569,150,26
570,150,378
571,151,26
572,151,378
573,152,26
574,152,378
575,153,26
576,153,378
577,154,26
578,154,379
579,155,26
580,155,379
581,156,26
582,156,379
583,157,26
584,157,379
585,158,26
586,158,379
587,159,26
588,159,379
589,160,26
590,160,379
591,161,26
592,161,379
593,162,26
594,162,379
595,163,26
596,163,379
597,164,26
598,164,379
599,165,26
600,165,379
601,166,26
602,166,380
603,167,26
604,167,380
605,168,26
606,168,380
607,169,26
608,169,380
609,170,26
610,170,380
611,171,26
612,171,380
613,172,26
614,172,380
615,173,26
616,173,380
617,174,26
618,174,380
619,175,26
620,175,380
621,176,26
622,176,380
623,177,27
624,177,380
625,178,27
626,178,380
627,179,27
628,179,381
629,180,27
630,180,381
631,181,27
632,181,381
633,182,27
634,182,381
635,183,27
636,183,381
637,184,27
638,184,381
639,185,27
640,185,381
641,186,27
642,186,381
643,187,27
644,187,381
645,188,27
646,188,381
647,189,27
648,189,381
649,190,27
650,190,382
651,191,27
652,191,382
653,192,27
654,192,382
655,193,27
656,193,382
657,194,27
658,194,382
659,195,27
660,195,382
661,196,27
662,196,382
663,197,27
664,197,382
665,198,27
666,198,382
667,199,27
668,199,382
669,200,27
670,200,382
671,201,27
672,201,382
673,202,27
674,202,382
675,203,27
676,203,382
677,204,28
678,204,382
679,205,28
680,205,383
681,206,28
682,206,383
683,207,28
684,207,383
685,208,28
686,208,383
687,209,28
688,209,383
689,210,28
690,210,383
691,211,28
692,211,383
693,212,28
694,212,383
695,213,28
696,213,383
697,214,28
698,214,383
699,215,28
700,215,383
701,216,28
702,216,383
703,217,28
704,217,383
705,218,28
706,218,383
707,219,28
708,219,384
709,220,28
710,220,384
711,221,28
712,221,384
713,222,28
714,222,384
715,223,28
716,223,384
717,224,28
718,224,384
719,225,28
720,225,384
721,226,28
722,226,384
723,227,28
724,227,384
725,228,28
726,228,384
727,229,28
728,229,384
729,230,28
730,230,385
731,231,28
732,231,385
733,232,28
734,232,385
735,233,28
736,233,385
737,234,28
738,234,385
739,235,29
740,235,385
741,236,29
742,236,385
743,237,29
744,237,385
745,238,29
746,238,385
747,239,29
748,239,385
749,240,29
750,240,385
751,241,29
752,241,385
753,242,29
754,242,385
755,243,29
756,243,386
757,244,29
758,244,386
759,245,29
760,245,386
761,246,29
762,246,386
763,247,29
764,247,386
765,248,29
766,248,386
767,249,29
768,249,386
769,250,29
770,250,386
771,251,29
772,251,386
773,252,29
774,252,386
775,253,29
776,253,386
777,254,30
778,254,386
779,255,30
780,255,386
781,256,30
782,256,384
783,256,387
784,257,30
785,257,377
786,257,378
787,257,379
788,257,380
789,257,381
790,257,382
791,257,383
792,257,387
793,258,30
794,258,361
795,258,362
796,258,363
797,258,364
798,258,365
799,258,366
800,258,367
801,258,368
802,258,369
803,258,370
804,258,371
805,258,372
806,258,373
807,258,374
808,258,375
809,258,376
810,258,385
811,258,386
812,259,30
813,259,333
814,259,337
815,259,338
816,259,339
817,259,340
818,259,341
819,259,342
820,259,343
821,259,344
822,259,345
823,259,346
824,259,347
825,259,348
826,259,349
827,259,350
828,259,351
829,259,352
830,259,353
831,259,354
832,259,355
833,259,356
834,259,357
835,259,358
836,259,359
837,259,360
838,259,384
839,259,385
840,260,30
841,260,316
842,260,317
843,260,318
844,260,319
845,260,320
846,260,321
847,260,322
848,260,323
849,260,324
850,260,325
851,260,326
852,260,327
853,260,328
854,260,329
855,260,330
856,260,331
857,260,332
858,260,334
859,260,335
860,260,336
861,260,355
862,260,357
863,260,384
864,261,30
865,261,299
866,261,300
867,261,301
868,261,302
869,261,303
870,261,304
871,261,305
872,261,306
873,261,307
874,261,308
875,261,309
876,261,310
877,261,311
878,261,312
879,261,313
880,261,314
881,261,315
882,261,355
883,261,357
884,261,358
885,261,359
886,261,360
887,261,361
888,261,362
889,261,363
890,261,364
891,261,384
892,262,30
893,262,35
894,262,277
895,262,278
896,262,279
897,262,280
898,262,281
899,262,282
900,262,283
901,262,284
902,262,285
903,262,286
904,262,287
905,262,288
906,262,289
907,262,290
908,262,291
909,262,292
910,262,293
911,262,294
912,262,295
913,262,296
914,262,297
915,262,298
916,262,355
917,262,385
918,263,30
919,263,34
920,263,35
921,263,36
922,263,262
923,263,263
924,263,264
925,263,265
926,263,266
927,263,267
928,263,268
929,263,269
930,263,270
931,263,271
932,263,272
933,263,273
934,263,274
935,263,275
936,263,276
937,263,385
938,264,30
939,264,33
940,264,36
941,264,37
942,264,262
943,264,264
944,264,385
945,265,30
946,265,37
947,265,38
948,265,262
949,265,385
950,266,30
951,266,38
952,266,39
953,266,261
954,266,370
955,266,371
956,266,372
957,266,373
958,266,374
959,266,375
960,266,376
961,266,377
962,266,378
963,266,379
964,266,380
965,266,381
966,266,382
967,266,383
968,266,385
969,266,386
970,266,387
971,267,30
972,267,39
973,267,261
974,267,353
975,267,354
976,267,355
977,267,356
978,267,357
979,267,358
980,267,359
981,267,360
982,267,361
983,267,362
984,267,363
985,267,364
986,267,365
987,267,366
988,267,367
989,267,368
990,267,369
991,267,387
992,267,388
993,268,30
994,268,34
995,268,39
996,268,40
997,268,138
998,268,139
999,268,140
1000,268,141
1001,268,142
1002,268,143
1003,268,262
1004,268,327
1005,268,328
1006,268,329
1007,268,330
1008,268,331
1009,268,332
1010,268,333
1011,268,334
1012,268,335
1013,268,336
1014,268,337
1015,268,338
1016,268,339
1017,268,340
1018,268,341
1019,268,342
1020,268,343
1021,268,344
1022,268,345
1023,268,346
1024,268,347
1025,268,348
1026,268,349
1027,268,350
1028,268,351
1029,268,352
1030,268,388
1031,269,30
1032,269,34
1033,269,35
1034,269,40
1035,269,41
1036,269,112
1037,269,113
1038,269,114
1039,269,115
1040,269,116
1041,269,117
1042,269,118
1043,269,119
1044,269,120
1045,269,121
1046,269,122
1047,269,123
1048,269,124
1049,269,125
1050,269,126
1051,269,127
1052,269,128
1053,269,129
1054,269,130
1055,269,131
1056,269,132
1057,269,133
1058,269,134
1059,269,135
1060,269,136
1061,269,137
1062,269,144
1063,269,145
1064,269,146
1065,269,147
1066,269,148
1067,269,262
1068,269,307
1069,269,308
1070,269,309
1071,269,310
1072,269,311
1073,269,312
1074,269,313
1075,269,314
1076,269,315
1077,269,316
1078,269,317
1079,269,318
1080,269,319
1081,269,320
1082,269,321
1083,269,322
1084,269,323
1085,269,324
1086,269,325
1087,269,326
1088,269,388
1089,270,30
1090,270,35
1091,270,36
1092,270,74
1093,270,81
1094,270,82
1095,270,83
1096,270,84
1097,270,88
1098,270,89
1099,270,90
1100,270,91
1101,270,92
1102,270,93
1103,270,94
1104,270,96
1105,270,97
1106,270,98
1107,270,99
1108,270,100
1109,270,101
1110,270,102
1111,270,103
1112,270,104
1113,270,105
1114,270,106
1115,270,107
1116,270,108
1117,270,109
1118,270,110
1119,270,111
1120,270,121
1121,270,149
1122,270,262
1123,270,290
1124,270,293
1125,270,294
1126,270,295
1127,270,296
1128,270,297
1129,270,298
1130,270,299
1131,270,300
1132,270,301
1133,270,302
1134,270,303
1135,270,304
1136,270,305
1137,270,306
1138,270,388
1139,271,30
1140,271,46
1141,271,50
1142,271,51
1143,271,52
1144,271,53
1145,271,54
1146,271,55
1147,271,56
1148,271,57
1149,271,58
1150,271,59
1151,271,60
1152,271,61
1153,271,62
1154,271,63
1155,271,64
1156,271,65
1157,271,66
1158,271,67
1159,271,68
1160,271,69
1161,271,70
1162,271,71
1163,271,72
1164,271,73
1165,271,75
1166,271,76
1167,271,77
1168,271,78
1169,271,79
1170,271,80
1171,271,84
1172,271,85
1173,271,86
1174,271,87
1175,271,94
1176,271,95
1177,271,97
1178,271,130
1179,271,131
1180,271,132
1181,271,133
1182,271,134
1183,271,135
1184,271,149
1185,271,262
1186,271,276
1187,271,277
1188,271,278
1189,271,279
1190,271,280
1191,271,281
1192,271,282
1193,271,283
1194,271,284
1195,271,285
1196,271,286
1197,271,287
1198,271,288
1199,271,289
1200,271,291
1201,271,292
1202,271,388
1203,272,31
1204,272,33
1205,272,34
1206,272,35
1207,272,36
1208,272,37
1209,272,38
1210,272,39
1211,272,40
1212,272,41
1213,272,42
1214,272,43
1215,272,44
1216,272,45
1217,272,47
1218,272,48
1219,272,49
1220,272,92
1221,272,149
1222,272,263
1223,272,264
1224,272,265
1225,272,266
1226,272,267
1227,272,268
1228,272,269
1229,272,270
1230,272,271
1231,272,272
1232,272,273
1233,272,274
1234,272,275
1235,272,388
1236,273,31
1237,273,149
1238,273,388
1239,274,31
1240,274,37
1241,274,38
1242,274,39
1243,274,40
1244,274,41
1245,274,42
1246,274,43
1247,274,44
1248,274,45
1249,274,149
1250,274,389
1251,275,31
1252,275,149
1253,275,389
1254,276,31
1255,276,149
1256,276,389
1257,277,31
1258,277,134
1259,277,142
1260,277,143
1261,277,144
1262,277,145
1263,277,146
1264,277,147
1265,277,149
1266,277,389
1267,278,31
1268,278,113
1269,278,114
1270,278,115
1271,278,116
1272,278,117
1273,278,118
1274,278,119
1275,278,120
1276,278,121
1277,278,122
1278,278,123
1279,278,124
1280,278,125
1281,278,126
1282,278,127
1283,278,128
1284,278,129
1285,278,130
1286,278,131
1287,278,132
1288,278,133
1289,278,135
1290,278,136
1291,278,137
1292,278,138
1293,278,139
1294,278,140
1295,278,141
1296,278,389
1297,279,31
1298,279,81
1299,279,82
1300,279,83
1301,279,84
1302,279,85
1303,279,86
1304,279,87
1305,279,88
1306,279,89
1307,279,91
1308,279,92
1309,279,93
1310,279,94
1311,279,95
1312,279,96
1313,279,97
1314,279,98
1315,279,99
1316,279,100
1317,279,101
1318,279,102
1319,279,103
1320,279,104
1321,279,105
1322,279,106
1323,279,107
1324,279,108
1325,279,109
1326,279,110
1327,279,111
1328,279,112
1329,279,389
1330,280,31
1331,280,53
1332,280,54
1333,280,55
1334,280,56
1335,280,57
1336,280,58
1337,280,59
1338,280,60
1339,280,61
1340,280,62
1341,280,63
1342,280,64
1343,280,65
1344,280,66
1345,280,67
1346,280,68
1347,280,69
1348,280,70
1349,280,71
1350,280,72
1351,280,73
1352,280,74
1353,280,75
1354,280,76
1355,280,77
1356,280,78
1357,280,79
1358,280,80
1359,280,90
1360,280,389
1361,281,31
1362,281,35
1363,281,36
1364,281,37
1365,281,38
1366,281,39
1367,281,40
1368,281,41
1369,281,42
1370,281,43
1371,281,44
1372,281,45
1373,281,46
1374,281,47
1375,281,48
1376,281,49
1377,281,50
1378,281,51
1379,281,52
1380,281,389
1381,282,31
1382,282,389
1383,283,30
1384,283,389
1385,284,30
1386,284,389
1387,285,30
1388,285,389
1389,286,31
1390,286,389
1391,287,31
1392,287,389
1393,288,31
1394,288,389
1395,289,31
1396,289,390
1397,290,31
1398,290,390
1399,291,31
1400,291,390
1401,292,31
1402,292,390
1403,293,31
1404,293,390
1405,294,31
1406,294,390
1407,295,31
1408,295,390
1409,296,31
1410,296,390
1411,297,31
1412,297,390
1413,298,31
1414,298,390
1415,299,31
1416,299,390
1417,300,31
1418,300,390
1419,301,31
1420,301,390
1421,302,31
1422,302,390
1423,303,31
1424,303,390
1425,304,31
1426,304,390
1427,305,32
1428,305,391
1429,306,32
1430,306,391
1431,307,32
1432,307,391
1433,308,32
1434,308,391
1435,309,32
1436,309,391
1437,310,32
1438,310,391
1439,311,32
1440,311,391
1441,312,32
1442,312,391
1443,313,32
1444,313,306
1445,313,307
1446,313,391
1447,314,32
1448,314,306
1449,314,308
1450,314,391
1451,315,32
1452,315,306
1453,315,307
1454,315,308
1455,315,391
1456,316,32
1457,316,391
1458,317,32
1459,317,391
1460,318,32
1461,318,391
1462,319,32
1463,319,391
1464,320,32
1465,320,391
1466,321,32
1467,321,391
1468,322,32
1469,322,392
1470,323,32
1471,323,392
1472,324,33
1473,324,392
1474,325,33
1475,325,392
1476,326,33
1477,326,392
1478,327,33
1479,327,392
1480,328,33
1481,328,392
1482,329,33
1483,329,392
1484,330,33
1485,330,392
1486,331,33
1487,331,392
1488,332,33
1489,332,392
1490,333,33
1491,333,393
1492,334,33
1493,334,392
1494,335,33
1495,335,393
1496,336,33
1497,336,393
1498,337,33
1499,337,393
1500,338,33
1501,338,393
1502,339,33
1503,339,393
1504,340,33
1505,340,393
1506,341,33
1507,341,393
1508,342,33
1509,342,393
1510,343,33
1511,343,393
1512,344,33
1513,344,393
1514,345,33
1515,345,393
1516,346,33
1517,346,393
1518,347,34
1519,347,393
1520,348,34
1521,348,393
1522,349,34
1523,349,393
1524,350,34
1525,350,393
1526,351,34
1527,351,393
1528,352,34
1529,352,394
1530,353,34
1531,353,394
1532,354,34
1533,354,394
1534,355,34
1535,355,394
1536,356,34
1537,356,394
1538,357,34
1539,357,394
1540,358,34
1541,358,394
1542,359,34
1543,359,394
1544,360,34
1545,360,394
1546,361,34
1547,361,394
1548,362,34
1549,362,394
1550,363,34
1551,363,394
1552,364,34
1553,364,394
1554,365,34
1555,365,394
1556,366,34
1557,366,394
1558,367,34
1559,367,394
1560,368,34
1561,368,394
1562,369,34
1563,369,395
1564,370,34
1565,370,395
1566,371,34
1567,371,395
1568,372,34
1569,372,395
1570,373,35
1571,373,395
1572,374,35
1573,374,395
1574,375,35
1575,375,395
1576,376,35
1577,376,395
1578,377,35
1579,377,395
1580,378,35
1581,378,395
1582,379,35
1583,379,395
1584,380,35
1585,380,395
1586,381,35
1587,381,395
1588,382,35
1589,382,395
1590,383,35
1591,383,395
1592,384,35
1593,384,395
1594,385,35
1595,385,395
1596,386,35
1597,386,396
1598,387,35
1599,387,396
1600,388,35
1601,388,396
1602,389,35
1603,389,396
1604,390,35
1605,390,396
1606,391,35
1607,391,396
1608,392,35
1609,392,396
1610,393,35
1611,393,396
1612,394,35
1613,394,396
1614,395,35
1615,395,396
1616,396,35
1617,396,396
1618,397,35
1619,397,397
1620,398,35
1621,398,397
1622,399,35
1623,399,397
1624,400,35
1625,400,397
1626,401,35
1627,401,397
1628,402,35
1629,402,397
1630,403,35
1631,403,397
1632,404,36
1633,404,397
1634,405,36
1635,405,397
1636,406,36
1637,406,397
1638,407,36
1639,407,397
1640,408,36
1641,408,397
1642,409,36
1643,409,397
1644,410,36
1645,410,397
1646,411,36
1647,411,397
1648,412,36
1649,412,398
1650,413,36
1651,413,398
1652,414,36
1653,414,398
1654,415,36
1655,415,398
1656,416,36
1657,416,398
1658,417,36
1659,417,398
1660,418,36
1661,418,398
1662,419,36
1663,419,398
1664,420,0
1665,420,36
1666,420,398
1667,421,0
1668,421,36
1669,421,398
1670,422,0
1671,422,36
1672,422,398
1673,423,36
1674,423,398
1675,424,36
1676,424,398
1677,425,36
1678,425,398
1679,426,36
1680,426,398
1681,427,36
1682,427,398
1683,428,36
1684,428,399
1685,429,36
1686,429,399
1687,430,36
1688,430,399
1689,431,36
1690,431,399
1691,432,36
1692,432,399
1693,433,36
1694,433,399
1695,434,36
1696,434,399
1697,435,36
1698,435,399
1699,436,36
1700,436,399
1701,437,36
1702,437,399
1703,438,36
1704,438,399
1705,439,36
1706,439,399
1707,440,36
1708,440,399
1709,441,36
1710,441,399
1711,442,36
1712,442,400
1713,443,36
1714,443,400
1715,444,36
1716,444,400
1717,445,36
1718,445,400
1719,446,36
1720,446,400
1721,447,36
1722,447,400
1723,448,36
1724,448,400
1725,449,36
1726,449,400
1727,450,36
1728,450,401
1729,451,37
1730,451,401
1731,452,37
1732,452,401
1733,453,37
1734,453,401
1735,454,37
1736,454,401
1737,454,427
1738,455,37
1739,455,401
1740,455,427
1741,456,37
1742,456,401
1743,456,424
1744,456,425
1745,456,426
1746,457,37
1747,457,401
1748,457,424
1749,457,426
1750,458,37
1751,458,401
1752,458,424
1753,458,426
1754,459,37
1755,459,401
1756,459,424
1757,459,427
1758,460,37
1759,460,401
1760,460,425
1761,460,428
1762,461,37
1763,461,401
1764,461,425
1765,461,426
1766,461,428
1767,462,37
1768,462,402
1769,462,426
1770,462,427
1771,462,428
1772,463,37
1773,463,402
1774,464,37
1775,464,402
1776,465,37
1777,465,402
1778,466,37
1779,466,402
1780,467,37
1781,467,402
1782,468,37
1783,468,402
1784,469,37
1785,469,402
1786,470,37
1787,470,402
1788,471,37
1789,471,402
1790,472,37
1791,472,402
1792,473,37
1793,473,402
1794,474,37
1795,474,402
1796,475,37
1797,475,402
1798,476,37
1799,476,403
1800,477,37
1801,477,403
1802,478,37
1803,478,403
1804,479,37
1805,479,403
1806,480,37
1807,480,403
1808,481,37
1809,481,403
1810,482,37
1811,482,403
1812,483,37
1813,483,403
1814,484,37
1815,484,403
1816,485,38
1817,485,403
1818,486,38
1819,486,403
1820,487,38
1821,487,403
1822,488,38
1823,488,403
1824,489,38
1825,489,404
1826,490,38
1827,490,404
1828,491,38
1829,491,404
1830,492,38
1831,492,404
1832,493,38
1833,493,404
1834,494,38
1835,494,404
1836,495,38
1837,495,404
1838,496,38
1839,496,404
1840,497,38
1841,497,404
1842,498,38
1843,498,404
1844,499,38
1845,499,405
1846,500,38
1847,500,405
1848,501,38
1849,501,405
1850,502,38
1851,502,405
1852,503,38
1853,503,405
1854,504,38
1855,504,405
1856,505,38
1857,505,405
1858,506,38
1859,506,405
1860,507,38
1861,507,405
1862,508,38
1863,508,405
1864,509,38
1865,509,405
1866,510,38
1867,510,405
1868,511,38
1869,511,405
1870,512,38
1871,512,406
1872,513,38
1873,513,406
1874,514,38
1875,514,406
1876,515,38
1877,515,406
1878,516,38
1879,516,406
1880,517,38
1881,517,406
1882,518,38
1883,518,406
1884,519,38
1885,519,406
1886,520,38
1887,520,406
1888,521,38
1889,521,406
1890,522,38
1891,522,406
1892,523,38
1893,523,406
1894,524,38
1895,524,406
1896,525,38
1897,525,407
1898,526,39
1899,526,407
1900,527,39
1901,527,407
1902,528,39
1903,528,407
1904,529,39
1905,529,407
1906,530,39
1907,530,407
1908,531,39
1909,531,407
1910,532,0
1911,532,1
1912,532,2
1913,532,39
1914,532,407
1915,533,0
1916,533,2
1917,533,39
1918,533,407
1919,534,0
1920,534,1
1921,534,2
1922,534,39
1923,534,407
1924,535,39
1925,535,407
1926,536,39
1927,536,407
1928,537,39
1929,537,407
1930,538,39
1931,538,407
1932,539,39
1933,539,407
1934,540,39
1935,540,408
1936,541,39
1937,541,408
1938,542,39
1939,542,408
1940,543,39
1941,543,408
1942,544,39
1943,544,408
1944,545,39
1945,545,408
1946,546,39
1947,546,408
1948,547,39
1949,547,408
1950,548,39
1951,548,408
1952,549,39
1953,549,408
1954,550,39
1955,550,408
1956,551,39
1957,551,408
1958,552,0
1959,552,1
1960,552,2
1961,552,39
1962,552,408
1963,553,2
1964,553,40
1965,553,408
1966,554,2
1967,554,40
1968,554,408
1969,555,1
1970,555,2
1971,555,40
1972,555,409
1973,556,0
1974,556,40
1975,556,409
1976,557,40
1977,557,409
1978,558,40
1979,558,409
1980,559,40
1981,559,409
1982,560,40
1983,560,409
1984,561,40
1985,561,409
1986,562,40
1987,562,409
1988,563,40
1989,563,409
1990,564,40
1991,564,409
1992,565,40
1993,565,409
1994,566,40
1995,566,409
1996,567,40
1997,567,409
1998,568,40
1999,568,409
2000,569,40
2001,569,409
2002,570,40
2003,570,409
2004,571,40
2005,571,409
2006,572,40
2007,572,409
2008,573,40
2009,573,409
2010,574,40
2011,574,409
2012,575,40
2013,575,409
2014,576,40
2015,576,410
2016,577,40
2017,577,410
2018,578,40
2019,578,410
2020,579,40
2021,579,409
2022,580,40
2023,580,409
2024,581,40
2025,581,409
2026,582,40
2027,582,409
2028,583,40
2029,583,409
2030,584,40
2031,584,409
2032,585,40
2033,585,409
2034,586,40
2035,586,409
2036,587,40
2037,587,408
2038,588,40
2039,588,408
2040,589,40
2041,589,408
2042,590,41
2043,590,408
2044,591,41
2045,591,408
2046,592,41
2047,592,407
2048,593,41
2049,593,407
2050,594,41
2051,594,407
2052,595,41
2053,595,406
2054,595,407
2055,596,41
2056,596,402
2057,596,403
2058,596,404
2059,596,405
2060,596,406
2061,597,41
2062,597,393
2063,597,394
2064,597,395
2065,597,396
2066,597,397
2067,597,398
2068,597,399
2069,597,400
2070,597,401
2071,598,41
2072,598,376
2073,598,377
2074,598,378
2075,598,379
2076,598,380
2077,598,381
2078,598,382
2079,598,383
2080,598,384
2081,598,385
2082,598,386
2083,598,387
2084,598,388
2085,598,389
2086,598,390
2087,598,391
2088,598,392
2089,599,41
2090,599,363
2091,599,364
2092,599,365
2093,599,366
2094,599,367
2095,599,368
2096,599,369
2097,599,370
2098,599,371
2099,599,372
2100,599,373
2101,599,374
2102,599,375
2103,600,41
2104,600,330
2105,600,331
2106,600,332
2107,600,333
2108,600,334
2109,600,335
2110,600,336
2111,600,337
2112,600,338
2113,600,339
2114,600,340
2115,600,341
2116,600,342
2117,600,343
2118,600,344
2119,600,345
2120,600,346
2121,600,347
2122,600,348
2123,600,349
2124,600,350
2125,600,351
2126,600,352
2127,600,353
2128,600,354
2129,600,355
2130,600,356
2131,600,357
2132,600,358
2133,600,359
2134,600,360
2135,600,361
2136,600,362
2137,601,41
2138,601,311
2139,601,312
2140,601,313
2141,601,314
2142,601,315
2143,601,316
2144,601,317
2145,601,318
2146,601,319
2147,601,320
2148,601,321
2149,601,322
2150,601,323
2151,601,324
2152,601,325
2153,601,326
2154,601,327
2155,601,328
2156,601,329
2157,602,41
2158,602,298
2159,602,299
2160,602,300
2161,602,301
2162,602,302
2163,602,303
2164,602,304
2165,602,305
2166,602,306
2167,602,307
2168,602,308
2169,602,309
2170,602,310
2171,603,41
2172,603,285
2173,603,286
2174,603,287
2175,603,288
2176,603,289
2177,603,290
2178,603,291
2179,603,292
2180,603,293
2181,603,294
2182,603,295
2183,603,296
2184,603,297
2185,603,412
2186,603,413
2187,603,414
2188,603,415
2189,603,416
2190,603,417
2191,604,41
2192,604,283
2193,604,284
2194,604,407
2195,604,408
2196,604,409
2197,604,410
2198,604,411
2199,604,417
2200,605,41
2201,605,281
2202,605,282
2203,605,283
2204,605,412
2205,605,413
2206,605,414
2207,605,415
2208,606,41
2209,606,267
2210,606,268
2211,606,269
2212,606,270
2213,606,271
2214,606,272
2215,606,273
2216,606,274
2217,606,275
2218,606,276
2219,606,277
2220,606,278
2221,606,279
2222,606,280
2223,607,41
2224,607,249
2225,607,250
2226,607,251
2227,607,252
2228,607,253
2229,607,254
2230,607,255
2231,607,256
2232,607,257
2233,607,258
2234,607,259
2235,607,260
2236,607,261
2237,607,262
2238,607,263
2239,607,264
2240,607,265
2241,607,266
2242,608,41
2243,608,233
2244,608,234
2245,608,235
2246,608,236
2247,608,237
2248,608,238
2249,608,239
2250,608,240
2251,608,241
2252,608,242
2253,608,243
2254,608,244
2255,608,245
2256,608,246
2257,608,247
2258,608,248
2259,609,41
2260,609,219
2261,609,220
2262,609,221
2263,609,222
2264,609,223
2265,609,224
2266,609,225
2267,609,226
2268,609,227
2269,609,228
2270,609,229
2271,609,230
2272,609,231
2273,609,232
2274,610,41
2275,610,203
2276,610,204
2277,610,205
2278,610,206
2279,610,207
2280,610,208
2281,610,209
2282,610,210
2283,610,211
2284,610,212
2285,610,213
2286,610,214
2287,610,215
2288,610,216
2289,610,217
2290,610,218
2291,611,41
2292,611,149
2293,611,150
2294,611,151
2295,611,152
2296,611,153
2297,611,154
2298,611,155
2299,611,156
2300,611,157
2301,611,158
2302,611,159
2303,611,160
2304,611,161
2305,611,162
2306,611,188
2307,611,189
2308,611,190
2309,611,191
2310,611,192
2311,611,193
2312,611,194
2313,611,195
2314,611,196
2315,611,197
2316,611,198
2317,611,199
2318,611,200
2319,611,201
2320,611,202
2321,612,41
2322,612,127
2323,612,128
2324,612,129
2325,612,130
2326,612,131
2327,612,132
2328,612,133
2329,612,134
2330,612,135
2331,612,136
2332,612,137
2333,612,138
2334,612,139
2335,612,140
2336,612,141
2337,612,142
2338,612,143
2339,612,144
2340,612,145
2341,612,146
2342,612,147
2343,612,148
2344,612,162
2345,612,164
2346,612,166
2347,612,167
2348,612,168
2349,612,169
2350,612,170
2351,612,171
2352,612,172
2353,612,173
2354,612,174
2355,612,175
2356,612,176
2357,612,177
2358,612,178
2359,612,179
2360,612,180
2361,612,181
2362,612,182
2363,612,183
2364,612,184
2365,612,185
2366,612,186
2367,612,187
2368,613,41
2369,613,113
2370,613,114
2371,613,115
2372,613,116
2373,613,117
2374,613,118
2375,613,119
2376,613,120
2377,613,121
2378,613,122
2379,613,123
2380,613,124
2381,613,125
2382,613,126
2383,613,163
2384,613,164
2385,613,165
2386,614,42
2387,614,95
2388,614,96
2389,614,97
2390,614,98
2391,614,99
2392,614,103
2393,614,104
2394,614,105
2395,614,106
2396,614,107
2397,614,108
2398,614,109
2399,614,110
2400,614,111
2401,614,112
2402,615,42
2403,615,85
2404,615,86
2405,615,87
2406,615,88
2407,615,89
2408,615,90
2409,615,91
2410,615,92
2411,615,93
2412,615,94
2413,615,100
2414,615,101
2415,615,102
2416,616,42
2417,616,74
2418,616,75
2419,616,76
2420,616,77
2421,616,78
2422,616,79
2423,616,80
2424,616,81
2425,616,82
2426,616,83
2427,616,84
2428,617,42
2429,617,43
2430,617,49
2431,617,50
2432,617,51
2433,617,52
2434,617,53
2435,617,54
2436,617,55
2437,617,56
2438,617,57
2439,617,58
2440,617,59
2441,617,60
2442,617,61
2443,617,62
2444,617,63
2445,617,64
2446,617,65
2447,617,66
2448,617,67
2449,617,68
2450,617,69
2451,617,70
2452,617,71
2453,617,72
2454,617,73
2455,618,44
2456,618,45
2457,618,46
2458,618,47
2459,618,48
2460,656,1
2461,657,0
2462,658,0
2463,658,3
2464,658,4
2465,658,5
2466,659,0
2467,659,2
2468,659,3
2469,659,5
2470,660,0
2471,660,2
2472,660,3
2473,660,5
2474,661,3
2475,661,4
2476,661,5
